day,sessions,transactions,conversion_rate,revenue
2017-01-01,1364,11,0.81,993.01
2017-01-02,1620,18,1.11,1027.6
2017-01-03,2403,32,1.33,4574.74
2017-01-04,2390,31,1.3,4777.14
2017-01-05,2193,41,1.87,9097.97
2017-01-06,2210,26,1.18,4335.24
2017-01-07,1615,8,0.5,388.27
2017-01-08,1637,11,0.67,1615.3
2017-01-09,2308,39,1.69,7170.5
2017-01-10,2268,23,1.01,5982.74
2017-01-11,2185,18,0.82,1494.62
2017-01-12,2203,22,1.0,4199.51
2017-01-13,1967,28,1.42,3317.6
2017-01-14,1526,11,0.72,588.13
2017-01-15,1576,6,0.38,127.88
2017-01-16,1906,13,0.68,2792.64
2017-01-17,2443,32,1.31,3669.49
2017-01-18,2245,38,1.69,7188.08
2017-01-19,2083,27,1.3,3056.97
2017-01-20,2074,20,0.96,2839.17
2017-01-21,1685,11,0.65,968.55
2017-01-22,1700,10,0.59,1394.14
2017-01-23,2262,27,1.19,2916.54
2017-01-24,3618,28,0.77,4978.04
2017-01-25,2986,34,1.14,2855.42
2017-01-26,2209,28,1.27,4500.41
2017-01-27,1969,22,1.12,3741.17
2017-01-28,1614,4,0.25,93.54
2017-01-29,1814,19,1.05,2606.93
2017-01-30,2392,34,1.42,4075.03
2017-01-31,2229,41,1.84,8881.78